Municipality;Population;Area
Aadorf;9422;19.93
Aarau;21'807;12.36
Aarberg;4629;7.94
Aarburg;8746;4.40
Aarwangen;4793;9.87
Abtwil;1054;4.14
Aclens;557;3.90
Acquarossa;1831;61.77
Adelboden;3399;87.64
Adligenswil;5504;6.98
Adliswil;19'243;7.78
Aedermannsdorf;578;12.94
Aefligen;1140;2.06
Aegerten;2359;2.16
Aesch (BL);10'607;7.40
Aesch (LU);1350;4.65
Aesch (ZH);1672;5.21
Aeschi (SO);1306;5.41
Aeschi bei Spiez;2283;30.93
Aeugst am Albis;1991;7.90
Affeltrangen;2786;14.40
Affoltern am Albis;12'588;10.53
Affoltern im Emmental;1181;11.44
Agarn;709;7.61
Agiez;379;5.45
Agno;4468;2.51
Aigle;10'913;16.50
Aire-la-Ville;1145;2.88
Airolo;1432;94.40
Alberswil;683;3.56
Albinen;253;15.56
Albula/Alvra;1327;93.97
Alchenstorf;606;6.61
Allaman;424;2.59
Alle;1882;10.65
Allmendingen;566;3.77
Allschwil;21'654;8.91
Alpnach;6222;53.83
Alpthal;618;22.94
Altbüron;1029;6.72
Altdorf (UR);9880;10.19
Altendorf;7215;20.48
Altikon;729;7.71
Altishofen;2006;14.32
Altnau;2347;6.71
Alto Malcantone;1385;22.06
Altstätten;12'278;39.56
Amden;1847;43.04
Amlikon-Bissegg;1373;14.43
Ammerswil;777;3.20
Amriswil;14'313;18.99
Amsoldingen;788;4.70
Andeer;921;46.37
Andelfingen;3431;17.00
Andermatt;1538;62.19
Andwil (SG);2115;6.28
Anières;2417;3.82
Anniviers;2703;243.37
Anwil;531;3.94
Appenzell;5864;16.88
Aranno;361;2.55
Arbaz;1390;19.25
Arbedo-Castione;5082;21.43
Arboldswil;591;3.46
Arbon;15'459;6.01
Arch;1718;6.40
Ardon;3564;20.34
Arisdorf;1708;9.98
Aristau;1588;8.70
Arlesheim;9270;6.95
Arnex-sur-Nyon;243;2.09
Arnex-sur-Orbe;691;7.63
Arni (AG);1886;3.46
Arni (BE);951;10.38
Arogno;955;8.55
Arosa;3061;154.72
Arth;12'358;42.00
Arzier-Le Muids;2960;51.87
Ascona;5436;4.94
Assens;1672;8.46
Astano;299;3.84
Attalens;3682;9.81
Attinghausen;1765;46.90
Attiswil;1549;7.66
Au (SG);8252;4.66
Aubonne;3791;14.34
Auboranges;288;1.93
Auenstein;1669;5.71
Augst;1057;1.62
Ausserberg;630;15.02
Auswil;458;4.56
Autigny;794;6.20
Auw;2279;8.55
Avegno Gordevio;1557;27.30
Avenches;4685;19.43
Avers;168;93.08
Avry;1921;5.79
Avully;1708;4.65
Avusy;1377;5.17
Ayent;4247;55.02
Baar;24'996;24.77
Bachenbülach;4208;4.29
Bachs;636;9.18
Bad Ragaz;6663;25.43
Baden;22'849;14.72
Balerna;3291;2.53
Balgach;5067;6.59
Ballaigues;1153;9.10
Ballens;589;8.41
Ballwil;2668;8.75
Balm bei Günsberg;215;5.47
Balsthal;6375;15.72
Baltschieder;1355;31.32
Bannwil;696;4.73
Bardonnex;2531;5.02
Bäretswil;5098;22.20
Bargen (BE);1100;7.86
Bargen (SH);322;8.27
Bäriswil;1096;2.77
Bärschwil;786;11.16
Basadingen-Schlattingen;1846;15.63
Basel;173'552;23.89
Bas-Intyamon;1598;33.26
Basse-Allaine;1217;23.00
Basse-Vendline;742;18.67
Bassersdorf;12'062;8.99
Bassins;1486;20.85
Bätterkinden;3368;10.13
Bättwil;1169;1.70
Baulmes;1135;22.52
Bauma;4924;29.51
Bavois;1010;9.30
Beatenberg;1182;29.20
Beckenried;3749;24.27
Bedano;1495;1.89
Bedigliora;620;2.52
Bedretto;94;75.23
Beggingen;467;12.64
Begnins;1941;4.80
Beinwil (Freiamt);1248;11.34
Beinwil (SO);268;22.68
Beinwil am See;3477;3.82
Belfaux;3406;8.91
Bellach;5399;5.32
Bellevue;4075;4.38
Bellikon;1571;4.90
Bellinzona;44'270;164.09
Bellmund;1777;3.82
Bellwald;338;13.97
Belmont-Broye;5844;25.82
Belmont-sur-Lausanne;3837;2.61
Belmont-sur-Yverdon;435;6.50
Belp;11'578;23.30
Belprahon;276;3.82
Benken (SG);3018;16.47
Benken (ZH);847;5.67
Bennwil;659;6.60
Bercher;1359;4.24
Berg (SG);988;3.78
Berg (TG);3532;13.19
Berg am Irchel;592;7.03
Bergdietikon;2938;6.06
Bergün Filisur;884;190.14
Berikon;4880;5.39
Beringen;5153;18.65
Berken;47;1.40
Berlingen;928;3.57
Bern;134'506;51.61
Berneck;3963;5.60
Bernex;10'250;12.97
Berolle;301;9.63
Beromünster;6701;42.18
Besenbüren;628;2.34
Bettenhausen;679;3.96
Bettens;650;3.76
Bettingen;1288;2.20
Bettlach;4943;12.18
Bettmeralp;463;28.79
Bettwiesen;1275;3.88
Bettwil;680;4.28
Bever;605;45.66
Bex;8167;96.63
Biasca;6110;59.03
Biberist;9188;12.17
Biberstein;1624;4.10
Bichelsee-Balterswil;3007;12.12
Biel/Bienne;55'070;21.20
Biel-Benken;3555;4.12
Bière;1674;25.03
Biezwil;356;4.15
Biglen;1852;3.58
Billens-Hennens;883;4.90
Binn;128;65.09
Binningen;15'631;4.48
Bioggio;2737;6.45
Bioley-Magnoux;247;4.31
Birmensdorf (ZH);7057;11.42
Birmenstorf (AG);3010;7.76
Birr;4605;5.05
Birrhard;757;3.00
Birrwil;1357;3.45
Birsfelden;10'264;2.58
Birwinken;1381;12.26
Bischofszell;6064;11.61
Bissone;945;1.86
Bister;41;5.80
Bitsch;1122;5.86
Blatten;298;90.54
Blauen;702;7.09
Bleienbach;748;5.67
Blenio;1745;202.17
Blonay – Saint-Légier;12'117;31.24
Blumenstein;1267;15.50
Böckten;806;2.27
Bodio;890;6.43
Boécourt;951;12.32
Bofflens;203;4.17
Bogis-Bossey;932;2.43
Bois-d’Amont;2344;12.28
Bolken;581;2.13
Bolligen;6361;16.59
Boltigen;1275;77.08
Bonaduz;3493;14.45
Boncourt;1205;9.02
Bönigen;2568;15.08
Boningen;805;2.80
Boniswil;1669;2.37
Bonstetten;5624;7.44
Bonvillars;502;7.49
Boppelsen;1454;3.94
Borex;1139;1.96
Bosco/Gurin;53;22.02
Bösingen;3339;14.32
Bossonnens;1575;4.10
Boswil;3031;11.76
Bottens;1351;6.94
Bottenwil;852;5.05
Botterens;733;4.24
Bottighofen;2696;2.43
Bottmingen;6920;2.98
Böttstein;4143;7.45
Boudry;6267;16.76
Bougy-Villars;507;1.78
Boulens;382;3.42
Bourg-en-Lavaux;5386;9.68
Bourg-Saint-Pierre;218;89.81
Bournens;511;3.89
Bourrignon;258;13.53
Boussens;1006;3.18
Bovernier;911;13.11
Bowil;1338;14.70
Bözberg;1657;15.56
Böztal;2843;22.30
Braunau;855;9.16
Bregaglia;1576;251.35
Breggia;1914;25.58
Breil/Brigels;1719;96.58
Breitenbach;4153;6.84
Bremblens;606;2.94
Bremgarten (AG);8705;11.31
Bremgarten bei Bern;4303;1.88
Brenzikofen;488;2.20
Bretigny-sur-Morrens;877;2.84
Bretonnières;264;5.53
Bretzwil;749;7.38
Brienz (BE);3225;48.09
Brienzwiler;486;17.63
Brig-Glis;13'642;37.68
Brione sopra Minusio;452;3.79
Brislach;1701;9.41
Brissago;1613;17.78
Brittnau;4130;13.65
Broc;2649;10.06
Brot-Plamboz;282;16.16
Brugg;12'943;8.26
Brügg;4456;5.02
Brunegg;877;1.51
Brünisried;694;3.27
Brusino Arsizio;458;4.18
Brusio;1124;46.25
Brüttelen;621;6.62
Brütten;2161;6.65
Bubendorf;4439;10.85
Bubikon;7496;11.61
Buch (SH);310;3.81
Buch am Irchel;1038;10.16
Buchberg;880;5.85
Buchegg;2898;25.65
Buchholterberg;1536;15.28
Buchillon;674;2.13
Buchrain;6621;4.79
Buchs (AG);8319;5.32
Buchs (SG);13'605;15.94
Buchs (ZH);6628;5.87
Buckten;717;2.02
Büetigen;920;3.61
Bühl;483;2.96
Bühler;1841;5.59
Bülach;23'624;16.06
Bulle;25'722;23.86
Bullet;656;16.90
Bünzen;1197;5.78
Buochs;5483;9.92
Bürchen;750;13.39
Bure;631;13.71
Büren (SO);1066;6.22
Büren an der Aare;3696;12.63
Burg im Leimental;271;2.88
Burgdorf;16'586;15.60
Burgistein;1098;7.52
Bürglen (TG);4067;11.72
Bürglen (UR);3877;53.10
Büron;2714;5.36
Bursinel;504;1.80
Bursins;766;3.40
Burtigny;414;5.69
Buseno;83;11.25
Büsserach;2361;7.54
Bussigny;10'365;4.78
Bussnang;2546;18.91
Busswil bei Melchnau;173;2.88
Bussy-sur-Moudon;246;3.13
Bütschwil-Ganterschwil;5163;21.85
Büttenhardt;420;4.01
Büttikon;1111;2.82
Buttisholz;3421;16.68
Buttwil;1274;4.56
Buus;1116;8.86
Cademario;789;3.94
Cadempino;1501;0.76
Cadenazzo;3068;8.40
Calanca;217;37.67
Cama;658;15.05
Campo (Vallemaggia);49;43.41
Canobbio;2330;1.25
Capriasca;6740;36.27
Carouge (GE);22'164;2.65
Cartigny;1021;4.41
Caslano;4329;2.80
Castaneda;268;3.94
Castel San Pietro;2227;11.79
Cazis;2346;31.20
Celerina/Schlarigna;1424;24.05
Céligny;845;4.67
Centovalli;1102;53.49
Cerentino;36;20.10
Cevio;1110;151.32
Chalais;3759;24.37
Cham;17'643;17.76
Chamblon;567;2.86
Chamoson;4178;32.47
Champagne;1073;3.91
Champéry;1350;38.92
Champoz;160;7.16
Champtauroz;169;3.03
Champvent;727;8.98
Chancy;1671;5.38
Chapelle (Glâne);334;2.01
Chardonne;3186;10.28
Château-d’Oex;3564;113.58
Châtel-Saint-Denis;8163;47.89
Châtel-sur-Montsalvens;348;2.00
Châtillon (FR);513;1.31
Châtillon (JU);471;5.27
Châtonnaye;884;6.32
Chavannes-de-Bogis;1340;2.87
Chavannes-des-Bois;1014;2.13
Chavannes-le-Chêne;316;4.00
Chavannes-le-Veyron;163;2.66
Chavannes-près-Renens;8737;1.66
Chavannes-sur-Moudon;218;5.15
Chavornay;5395;19.24
Chêne-Bougeries;13'261;4.14
Chêne-Bourg;8836;1.26
Chénens;835;3.94
Chêne-Pâquier;162;2.08
Cheseaux-Noréaz;735;5.94
Cheseaux-sur-Lausanne;4517;4.56
Chéserex;1245;10.55
Chessel;528;3.53
Chevilly;331;3.82
Chevroux;519;3.42
Chexbres;2202;2.20
Cheyres-Châbles;2405;9.71
Chiasso;7420;5.30
Chigny;419;0.89
Chippis;1556;1.98
Choulex;1222;3.91
Chur;38'129;54.24
Churwalden;2121;48.57
Clarmont;213;1.01
Clos du Doubs;1275;61.77
Coeuve;718;11.57
Coinsins;498;2.95
Coldrerio;2848;2.48
Collex-Bossy;1727;6.86
Collina d’Oro;4816;6.19
Collombey-Muraz;9739;29.74
Collonge-Bellerive;8496;6.15
Collonges;843;12.22
Cologny;5970;3.68
Comano;2155;2.04
Commugny;2976;6.53
Concise;1004;11.38
Confignon;4593;2.76
Conters im Prättigau;241;18.40
Conthey;8983;85.01
Coppet;3206;1.85
Corbeyrier;440;22.03
Corbières;1021;9.69
Corcelles (BE);201;6.79
Corcelles-le-Jorat;483;7.94
Corcelles-près-Concise;413;4.06
Corcelles-près-Payerne;2844;12.14
Corgémont;1789;17.65
Corminboeuf;2893;7.24
Cormoret;505;13.52
Cornaux;1635;4.71
Cornol;1018;10.47
Corseaux;2303;1.07
Corsier (GE);2267;2.80
Corsier-sur-Vevey;3362;6.73
Cortaillod;4707;3.65
Cortébert;683;14.82
Cossonay;4386;8.23
Cottens (FR);1521;4.98
Courchapoix;441;6.43
Courchavon;293;6.24
Courgenay;2435;18.44
Courgevaux;1394;3.38
Courrendlin;3686;21.53
Courroux;3313;19.75
Court;1394;24.56
Courtedoux;786;8.14
Courtelary;1420;22.11
Courtepin;5702;17.80
Courtételle;2654;13.57
Crans;2363;4.30
Crans-Montana;10'271;59.59
Crassier;1236;2.02
Crémines;508;9.46
Cressier (FR);1056;4.18
Cressier (NE);1888;8.61
Crésuz;449;1.80
Crissier;9181;5.50
Cronay;410;6.58
Croy;386;4.50
Cuarnens;545;7.06
Cuarny;237;4.62
Cudrefin;1875;15.58
Cugnasco-Gerra;2851;18.20
Cugy (FR);1942;9.90
Cugy (VD);2696;2.90
Cureglia;1487;1.10
Curio;608;2.77
Curtilles;290;4.97
Dachsen;1950;2.65
Dägerlen;1092;7.96
Dagmersellen;5807;23.90
Daillens;1057;5.49
Dallenwil;1847;15.52
Dällikon;4271;4.49
Dalpe;177;14.52
Damphreux-Lugnez;370;10.77
Däniken;2946;5.46
Dänikon;1865;2.81
Dardagny;1799;8.60
Därligen;413;6.92
Därstetten;858;32.85
Dättlikon;829;2.91
Davos;10'732;283.99
Degersheim;4081;14.45
Deisswil bei Münchenbuchsee;88;2.14
Deitingen;2323;7.55
Delémont;12'636;22.01
Delley-Portalban;1309;6.85
Démoret;167;4.29
Denens;714;3.29
Denges;1774;1.69
Densbüren;743;12.64
Derendingen;6799;5.68
Develier;1360;12.42
Diegten;1636;9.61
Dielsdorf;6151;5.88
Diemtigen;2271;130.00
Diepflingen;785;1.43
Diepoldsau;6889;11.19
Dierikon;1609;2.77
Diessbach bei Büren;1016;6.31
Diessenhofen;4118;10.00
Dietikon;28'162;9.28
Dietlikon;7855;4.24
Dietwil;1428;5.55
Dinhard;1730;7.07
Dintikon;2379;3.72
Disentis/Mustér;2009;91.05
Dittingen;730;6.73
Dizy;232;3.07
Domat/Ems;8199;24.24
Domleschg;2200;45.96
Dompierre (VD);248;3.25
Donneloye;905;8.97
Doppleschwand;806;6.95
Dorénaz;1086;12.54
Dorf;712;5.54
Dörflingen;1052;5.78
Dornach;6795;5.74
Dottikon;4085;3.91
Döttingen;4375;6.96
Dotzigen;1589;4.23
Dozwil;715;1.27
Drei Höfe;730;4.57
Dübendorf;30'801;13.62
Düdingen;8793;30.76
Duggingen;1598;5.91
Duillier;1113;4.05
Dulliken;5224;6.01
Dully;626;1.64
Dürnten;7779;10.21
Dürrenäsch;1348;5.90
Dürrenroth;1076;14.06
Ebikon;14'469;9.72
Ebnat-Kappel;4979;43.51
Echallens;5812;6.69
Echandens;2895;3.87
Echarlens;839;4.62
Echichens;3208;13.27
Eclépens;1198;5.82
Ecublens (FR);380;4.86
Ecublens (VD);13'118;5.73
Ederswiler;112;3.34
Egerkingen;4211;6.93
Egg;8786;14.51
Eggenwil;1038;2.52
Eggerberg;317;6.09
Eggersriet;2364;8.91
Eggiwil;2443;60.25
Eglisau;5520;9.10
Egliswil;1544;6.34
Egnach;4897;18.48
Egolzwil;1624;4.15
Ehrendingen;4827;7.28
Eich;1623;5.91
Eichberg;1556;5.50
Eiken;2409;7.01
Einsiedeln;16'310;99.00
Eischoll;445;14.06
Eisten;189;37.94
Elgg;5071;24.38
Ellikon an der Thur;1035;4.97
Elsau;3707;8.04
Embd;286;13.36
Embrach;10'005;12.72
Emmen;31'573;20.38
Emmetten;1624;25.05
Endingen;2610;11.85
Engelberg;4297;74.89
Enges;270;9.56
Ennetbaden;3613;2.13
Ennetbürgen;5206;9.40
Ennetmoos;2322;14.09
Entlebuch;3267;56.97
Epalinges;9822;4.61
Ependes (VD);372;4.80
Eppenberg-Wöschnau;325;1.81
Epsach;330;3.39
Eptingen;563;11.21
Ergisch;179;29.52
Eriswil;1356;11.30
Eriz;478;21.79
Erlach;1376;3.44
Erlen;3888;12.23
Erlenbach (ZH);5678;2.97
Erlenbach im Simmental;1744;36.67
Erlinsbach (AG);4473;9.87
Erlinsbach (SO);3634;8.85
Ermatingen;3770;10.42
Ermensee;1012;5.72
Ernen;528;35.36
Erschwil;943;7.47
Ersigen;2020;15.46
Erstfeld;3866;59.05
Eschenbach (LU);3777;13.20
Eschenbach (SG);9996;54.92
Eschenz;1882;12.02
Eschert;384;6.58
Eschlikon;4847;6.20
Escholzmatt-Marbach;4405;106.34
Essertines-sur-Rolle;743;7.01
Essertines-sur-Yverdon;1081;9.76
Estavayer;10'133;44.89
Etagnières;1147;3.76
Etoy;2931;4.92
Ettingen;5587;6.37
Ettiswil;2853;12.52
Etziken;1055;3.37
Evilard;2704;3.67
Evionnaz;1416;48.07
Evolène;1655;209.83
Eysins;1775;2.36
Fahrni;813;6.66
Fahrwangen;2456;3.98
Fahy;333;7.76
Faido;2782;132.44
Falera;637;22.35
Fällanden;9461;6.36
Faoug;907;3.49
Farnern;228;3.65
Féchy;888;2.69
Fehraltorf;6791;9.50
Fehren;602;1.48
Felben-Wellhausen;3199;7.38
Feldbrunnen-St. Niklaus;1027;2.50
Felsberg;2781;13.39
Ferden;251;27.90
Ferenbalm;1223;9.16
Ferpicloz;263;1.02
Ferrera;73;75.44
Ferreyres;308;3.19
Fétigny;1180;4.07
Feuerthalen;3771;2.50
Feusisberg;5468;17.49
Fey;737;7.43
Fideris;613;25.33
Fiesch;925;11.04
Fieschertal;351;172.79
Fiez;437;6.81
Finhaut;363;22.80
Finsterhennen;573;3.57
Fischbach;702;8.04
Fischbach-Göslikon;1714;3.09
Fischenthal;2606;30.17
Fischingen;2933;30.66
Fisibach;582;5.72
Fislisbach;5984;5.12
Flaach;1474;10.20
Fläsch;855;19.95
Flawil;10'446;11.48
Flerden;251;6.07
Flims;2917;50.46
Flüelen;2020;12.41
Flühli;1785;108.09
Flumenthal;1026;3.08
Flums;5211;75.18
Flurlingen;1513;2.41
Fontaines-sur-Grandson;214;7.93
Fontenais;1674;19.97
Forel (Lavaux);2064;18.48
Forst-Längenbühl;766;4.53
Founex;3775;4.78
Fräschels;442;3.14
Fraubrunnen;5399;31.97
Frauenfeld;26'093;27.38
Frauenkappelen;1430;9.28
Freienbach;16'711;13.82
Freienstein-Teufen;2394;8.34
Freienwil;1102;4.00
Freimettigen;464;2.96
Frenkendorf;6507;4.61
Fribourg;37'653;9.33
Frick;5718;9.97
Froideville;2722;7.02
Frutigen;7014;72.30
Fulenbach;1798;4.47
Füllinsdorf;4646;4.63
Full-Reuenthal;958;4.86
Fully;9049;37.85
Furna;205;33.25
Fürstenau;351;1.30
Gächlingen;929;7.21
Gachnang;4564;9.83
Gais;3116;21.21
Gaiserwald;8523;12.64
Galgenen;5342;13.22
Gals;851;7.90
Gambarogno;5076;51.71
Gampel-Bratsch;2116;23.05
Gampelen;1002;10.56
Gams;3606;22.28
Gansingen;1079;8.78
Gebenstorf;5665;5.68
Gelterkinden;6217;9.77
Geltwil;225;3.27
Gempen;923;5.97
Genève;203'840;15.89
Genolier;2020;4.85
Genthod;2884;2.81
Gerlafingen;5696;1.89
Geroldswil;5262;1.90
Gersau;2384;14.36
Gerzensee;1266;7.81
Geuensee;2878;6.43
Gibloux;7934;36.12
Giebenach;1120;1.33
Giez;448;4.77
Giffers;1710;5.21
Gilly;1446;7.74
Gimel;2418;18.91
Gingins;1266;12.60
Giornico;790;19.55
Gipf-Oberfrick;3802;10.18
Gisikon;1460;1.10
Giswil;3806;85.90
Givisiez;3183;3.47
Givrins;1021;3.94
Gland;13'664;8.37
Glarus;12'515;103.58
Glarus Nord;19'428;147.07
Glarus Süd;9528;430.06
Glattfelden;5258;12.28
Gletterens;1118;2.59
Goldach;9562;4.74
Gollion;1030;5.48
Gommiswald;5564;33.65
Goms;1142;128.96
Gondiswil;738;9.37
Gonten;1466;24.76
Gontenschwil;2124;9.75
Gordola;4820;6.94
Göschenen;445;104.13
Gossau (SG);18'226;27.44
Gossau (ZH);10'336;18.32
Gottlieben;345;0.31
Goumoëns;1171;10.67
Graben;334;3.17
Grabs;7302;54.68
Grächen;1271;14.26
Grancia;473;0.61
Grancy;489;5.63
Grandcour;1000;10.22
Grandevent;237;3.44
Grandfontaine;391;8.95
Grandson;3360;7.85
Grandval;399;8.23
Grandvillard;871;24.33
Granges (Veveyse);922;4.47
Granges-Paccot;3853;3.95
Grangettes;213;3.36
Gränichen;8432;17.28
Gravesano;1367;0.71
Greifensee;5329;2.27
Grellingen;1926;3.30
Grenchen;17'939;26.04
Greng;170;0.97
Grengiols;419;58.53
Grens;399;2.55
Greppen;1196;3.34
Gretzenbach;2759;5.83
Grimisuat;3774;4.44
Grindel;503;3.05
Grindelwald;3756;171.34
Grolley;2093;5.35
Grône;2545;20.26
Grono;1513;37.11
Grossaffoltern;3064;15.14
Grossdietwil;876;10.20
Grosshöchstetten;4130;6.92
Grosswangen;3221;19.72
Grub (AR);984;4.20
Grüningen;3845;8.75
Grüsch;2153;43.28
Gruyères;2282;28.48
Gryon;1387;15.22
Gsteig;1003;62.42
Gsteigwiler;426;7.03
Guggisberg;1478;54.95
Gündlischwand;351;16.77
Günsberg;1191;5.30
Gunzgen;1714;3.90
Gurbrü;247;1.87
Gurmels;4524;17.28
Gurtnellen;496;83.41
Gurzelen;889;4.48
Guttannen;246;200.84
Guttet-Feschel;437;10.41
Güttingen;1716;9.56
Gy;499;3.19
Habkern;622;50.96
Habsburg;427;2.24
Häfelfingen;259;3.97
Hagenbuch;1148;8.15
Hägendorf;5249;13.90
Häggenschwil;1393;9.12
Hägglingen;2454;7.76
Hagneck;420;1.85
Hallau;2335;15.34
Hallwil;1003;2.20
Halten;851;1.88
Härkingen;1752;5.51
Hasle (LU);1730;40.33
Hasle bei Burgdorf;3377;21.92
Hasliberg;1101;41.75
Hauenstein-Ifenthal;313;5.31
Hauptwil-Gottshaus;2040;12.51
Hausen (AG);3810;3.17
Hausen am Albis;3879;13.63
Haute-Ajoie;1052;40.93
Hautemorges;4256;32.95
Hauterive (FR);2668;11.93
Hauterive (NE);2692;2.16
Haute-Sorne;7319;71.05
Hauteville;702;10.54
Haut-Intyamon;1664;60.32
Häutligen;263;3.06
Hedingen;3871;6.56
Hefenhofen;1309;6.18
Heiden;4225;7.49
Heiligenschwendi;756;5.51
Heimberg;7020;5.40
Heimenhausen;1178;5.84
Heimiswil;1613;23.31
Heitenried;1419;9.10
Hellikon;817;7.07
Hellsau;203;1.50
Hemishofen;478;7.89
Hemmiken;264;3.41
Hendschiken;1334;3.49
Henggart;2257;3.04
Henniez;412;2.61
Herbetswil;587;16.31
Herbligen;609;2.74
Herdern;1136;13.73
Hérémence;1488;107.51
Hergiswil (NW);6022;14.25
Hergiswil bei Willisau;1910;31.34
Herisau;15'744;25.23
Hermance;1189;1.45
Hermenches;371;4.78
Hermrigen;318;3.45
Herrliberg;6749;8.98
Hersberg;362;1.69
Herznach-Ueken;2563;11.37
Herzogenbuchsee;7291;9.83
Hettlingen;3118;5.82
Hildisrieden;2445;6.99
Hilterfingen;4056;2.80
Himmelried;956;6.05
Hindelbank;2806;9.70
Hinwil;11'576;22.27
Hirschthal;1685;3.54
Hittnau;3756;12.99
Hitzkirch;5975;27.59
Hochdorf;9911;9.56
Hochfelden;1989;6.18
Höchstetten;268;2.57
Hochwald;1273;8.29
Hofstetten bei Brienz;543;8.73
Hofstetten-Flüh;3353;7.52
Hohenrain;2435;23.33
Hohentannen;661;8.00
Holderbank (AG);1487;2.33
Holderbank (SO);732;7.78
Hölstein;2609;5.97
Holziken;1681;2.86
Homberg;501;6.48
Hombrechtikon;8964;12.20
Homburg;1579;24.15
Honau;512;1.24
Horgen;23'628;30.75
Höri;3307;4.77
Horn;2907;1.75
Horrenbach-Buchen;231;20.41
Horriwil;866;2.62
Horw;15'043;12.85
Hospental;179;35.13
Hubersdorf;708;1.37
Hundwil;931;24.19
Hünenberg;8948;18.40
Hüniken;157;1.01
Hüntwangen;1093;4.90
Hunzenschwil;4308;3.26
Hüttikon;959;1.60
Hüttlingen;852;11.65
Huttwil;5069;17.31
Hüttwilen;1775;17.63
Icogne;636;24.93
Iffwil;433;5.07
Ilanz/Glion;4969;133.44
Illgau;815;10.98
Illnau-Effretikon;17'564;32.91
Inden;116;9.79
Ingenbohl;9197;13.42
Inkwil;696;3.38
Innerthal;180;50.19
Innertkirchen;1069;236.54
Ins;3621;23.91
Interlaken;5926;4.29
Inwil;2897;10.29
Ipsach;3895;1.89
Iseltwald;413;21.92
Isenthal;467;60.96
Isérables;829;15.31
Islisberg;694;1.64
Isone;388;12.91
Itingen;2323;3.11
Ittigen;11'595;4.22
Jaberg;315;1.28
Jaun;636;55.24
Jegenstorf;5789;13.52
Jenaz;1148;25.95
Jenins;938;10.50
Jens;668;4.62
Jonen;2316;5.69
Jongny;1842;2.16
Jonschwil;3961;11.05
Jorat-Menthue;1563;17.70
Jorat-Mézières;3104;11.11
Jouxtens-Mézery;1468;1.92
Juriens;347;9.32
Jussy;1193;11.35
Kaiseraugst;5490;4.90
Kaisten;2824;18.09
Kallern;408;2.67
Kallnach;2252;18.05
Kaltbrunn;5051;18.56
Kammersrohr;29;0.94
Kandergrund;822;32.11
Kandersteg;1298;134.24
Känerkinden;527;1.43
Kappel (SO);3428;5.13
Kappel am Albis;1321;7.82
Kappelen;1407;10.88
Kaufdorf;1124;2.06
Kehrsatz;4474;4.45
Kemmental;2729;25.08
Kernenried;541;3.32
Kerns;6424;92.59
Kerzers;5280;12.26
Kesswil;1007;4.41
Kestenholz;1873;8.61
Kienberg;529;8.56
Kiesen;1013;4.68
Kilchberg (BL);171;1.60
Kilchberg (ZH);9303;2.59
Killwangen;2072;2.41
Kippel;324;11.68
Kirchberg (BE);5899;9.02
Kirchberg (SG);9632;42.56
Kirchdorf (BE);1820;14.63
Kirchleerau;928;4.35
Kirchlindach;3216;11.92
Kleinandelfingen;2132;10.29
Kleinbösingen;703;3.03
Kleinlützel;1191;16.34
Klingnau;3603;6.72
Klosters;4423;219.89
Kloten;20'980;19.33
Knonau;2416;6.49
Knutwil;2373;9.73
Koblenz;1673;4.06
Kölliken;4757;8.84
Köniz;42'409;51.06
Konolfingen;5463;12.71
Koppigen;2214;6.93
Kradolf-Schönenberg;3669;10.94
Krattigen;1140;5.99
Krauchthal;2369;19.37
Kreuzlingen;22'788;11.48
Kriechenwil;424;4.78
Kriegstetten;1373;1.12
Kriens;28'983;27.25
Küblis;897;8.13
Künten;1888;4.89
Küsnacht (ZH);14'833;12.32
Küssnacht (SZ);13'843;29.46
Küttigen;6547;11.89
La Baroche;1114;31.13
La Brévine;606;41.93
La Brillaz;2118;10.28
La Chaux (Cossonay);413;6.77
La Chaux-de-Fonds;36'527;55.74
La Chaux-du-Milieu;489;17.36
La Côte-aux-Fées;491;12.86
La Ferrière;539;14.17
La Grande-Béroche;9029;42.21
La Neuveville;3798;6.80
La Praz;183;5.11
La Punt Chamues-ch;698;63.22
La Rippe;1200;16.56
La Roche;1829;24.03
La Sagne;1069;25.61
La Sarraz;2607;7.75
La Sonnaz;1381;6.93
La Tène;5379;5.32
La Tour-de-Peilz;12'382;3.27
La Verrerie;1324;13.45
Laax;2001;31.68
L’Abbaye;1534;31.91
L’Abergement;260;5.81
Lachen;9394;2.40
Laconnex;703;3.82
Lajoux (JU);705;12.39
Lalden;706;1.28
Lamone;1736;1.86
Lampenberg;546;4.04
Lancy;34'656;4.84
Landiswil;613;10.26
Landquart;9153;18.92
Langenbruck;965;15.70
Langendorf;3844;1.96
Langenthal;15'838;21.14
Langnau am Albis;8056;8.67
Langnau im Emmental;9337;48.38
Langrickenbach;1442;10.85
Lantsch/Lenz;531;21.83
Lauenen;851;58.55
Lauerz;1124;9.18
Läufelfingen;1369;8.14
Laufen;5906;11.35
Laufenburg;3688;14.45
Laufen-Uhwiesen;1781;6.29
Laupen;3282;4.10
Laupersdorf;1865;15.55
Lauperswil;2704;21.17
Lausanne;141'418;41.37
Lausen;5772;5.54
Lauterbrunnen;2270;164.36
Lauwil;317;7.32
Lavertezzo;1213;0.90
Lavey-Morcles;978;14.16
Lavigny;1034;3.97
Lavizzara;489;187.53
Lax;333;5.42
Le Bémont (JU);308;11.67
Le Cerneux-Péquignot;325;15.68
Le Châtelard;354;7.47
Le Chenit;4603;99.18
Le Flon;1193;9.58
Le Grand-Saconnex;12'607;4.36
Le Landeron;4680;10.23
Le Lieu;886;32.52
Le Locle;10'746;34.66
Le Mont-sur-Lausanne;9291;9.72
Le Mouret;3250;18.60
Le Noirmont;1902;20.39
Le Pâquier (FR);1372;4.49
Le Vaud;1403;3.13
Leibstadt;1507;6.38
Leimbach (AG);502;1.13
Leissigen;1193;10.41
Lengnau (AG);2866;12.64
Lengnau (BE);5595;7.43
Lengwil;1759;8.84
Lenk;2276;123.07
Lens;4406;14.01
Lenzburg;11'054;11.35
Les Bois;1258;24.65
Les Breuleux;1611;14.87
Les Clées;186;7.04
Les Enfers;156;7.07
Les Genevez (JU);510;13.62
Les Montets;1586;10.31
Les Planchettes;213;11.69
Les Ponts-de-Martel;1239;18.13
Les Verrières;652;28.86
Leuggern;2345;13.73
Leuk;4134;55.13
Leukerbad;1295;67.32
Leutwil;742;3.76
Leuzigen;1341;10.25
Leysin;3719;18.54
Leytron;3281;26.88
Lichtensteig;1980;2.83
Liddes;745;58.66
Liedertswil;163;1.94
Liesberg;1083;12.47
Liestal;15'420;18.17
Ligerz;525;1.75
Lignerolle;447;10.62
Lignières;1006;12.51
Lindau;5723;11.92
Linden;1278;13.25
Linescio;42;6.60
L’Isle;1093;16.26
Locarno;16'241;18.79
Lohn (SH);759;4.88
Lohn-Ammannsegg;2953;4.52
Löhningen;1615;6.85
Lommis;1254;8.63
Lommiswil;1595;5.77
Lonay;2672;3.71
Longirod;538;9.48
Losone;6713;9.26
Lostallo;856;50.90
Lostorf;4067;13.27
Lotzwil;2672;6.20
Lovatens;143;3.47
Loveresse;362;4.70
Lucens;4414;19.29
Lufingen;2767;5.18
Lugano;62'464;75.98
Luins;614;2.64
Lully (FR);1217;5.44
Lully (VD);824;2.05
Lumino;1613;10.17
Lumnezia;2029;165.44
Lungern;2086;46.49
Lupfig;3291;8.45
Lupsingen;1504;3.14
Lüscherz;558;5.37
Lussery-Villars;482;3.74
Lüsslingen-Nennigkofen;1119;7.81
Lussy-sur-Morges;729;2.36
Luterbach;3604;4.55
Lüterkofen-Ichertswil;895;4.39
Luthern;1248;37.83
Lütisburg;1619;14.05
Lutry;10'718;8.43
Lütschental;222;12.29
Lützelflüh;4366;26.86
Lutzenberg;1312;2.25
Luzein;1624;83.82
Luzern;83'840;29.07
Lyss;16'190;14.87
Lyssach;1477;6.04
Madiswil;3335;23.16
Madulain;208;16.35
Magden;3894;11.01
Mägenwil;2194;3.49
Maggia;2618;111.17
Magliaso;1652;1.10
Maienfeld;3141;32.37
Maisprach;937;5.02
Malans;2506;11.38
Malters;7691;28.60
Mammern;693;5.47
Mandach;343;5.56
Männedorf;11'437;4.76
Manno;1330;2.38
Maracon;546;4.44
Marbach (SG);2137;4.41
Marchissy;499;11.94
Marly;8596;7.71
Marsens;2071;7.83
Märstetten;2927;9.93
Marthalen;1950;14.15
Martigny;20'974;32.59
Martigny-Combe;2336;37.45
Maschwanden;644;4.68
Masein;517;4.19
Massagno;6575;0.74
Massongex;1984;6.61
Massonnens;586;4.30
Mathod;684;6.60
Matran;1721;2.92
Matten bei Interlaken;4171;5.99
Mattstetten;589;3.78
Matzendorf;1349;11.29
Matzingen;3112;7.69
Mauborget;139;5.52
Mauensee;1543;7.23
Maur;10'757;14.81
Mauraz;65;0.50
Medel (Lucmagn);332;136.22
Meggen;7716;7.25
Meienried;56;0.65
Meierskappel;1596;6.75
Meikirch;2558;10.24
Meilen;14'754;11.88
Meinier;2069;6.94
Meinisberg;1419;4.37
Meiringen;4656;40.67
Meisterschwanden;3266;4.28
Melchnau;1482;10.37
Melide;1796;1.64
Mellikon;231;2.71
Mellingen;6019;4.82
Mels;9311;139.16
Meltingen;650;5.76
Mendrisio;14'909;31.72
Ménières;437;4.35
Menziken;7874;7.32
Menzingen;4615;27.46
Menznau;3056;30.38
Merenschwand;3757;13.53
Mergoscia;198;12.15
Merishausen;873;17.54
Mervelier;522;9.76
Merzligen;396;2.26
Mesocco;1365;164.75
Messen;1471;11.90
Mettauertal;2101;21.59
Mettembert;106;2.36
Mettmenstetten;5635;13.07
Metzerlen-Mariastein;946;8.50
Mex (VD);818;2.90
Meyriez;565;0.34
Meyrin;26'517;9.90
Mézières (FR);1081;8.95
Mezzovico-Vira;1382;11.13
Mies;2236;3.51
Miglieglia;310;5.14
Milvignes;9217;8.82
Minusio;7421;5.84
Mirchel;593;2.35
Misery-Courtion;2321;11.39
Missy;387;3.05
Möhlin;11'231;18.81
Moiry;297;6.68
Mollens (VD);324;11.06
Molondin;259;5.52
Mönchaltorf;4118;7.61
Montagny (FR);2932;17.52
Montagny-près-Yverdon;772;3.51
Montanaire;2819;33.47
Montcherand;496;3.04
Monteceneri;4688;36.00
Montet (Glâne);493;2.22
Montfaucon;551;18.24
Mönthal;396;3.93
Monthey;18'446;28.65
Montilliez;1894;11.84
Mont-la-Ville;502;19.81
Mont-Noble;1112;43.85
Montpreveyres;661;4.16
Montreux;26'230;33.46
Montricher;979;25.95
Mont-sur-Rolle;2767;3.85
Mont-Tramelan;110;4.71
Mont-Vully;4433;17.50
Moosleerau;919;3.86
Moosseedorf;4113;6.36
Morbio Inferiore;4371;2.28
Morcote;714;2.78
Mörel-Filet;720;8.50
Morges;17'529;3.87
Mörigen;890;2.20
Möriken-Wildegg;4676;6.60
Morlon;661;2.61
Morrens (VD);1172;3.71
Morschach;1206;20.85
Mörschwil;3619;9.86
Mosnang;2920;50.55
Moudon;6124;15.65
Moutier;7189;19.69
Movelier;425;8.06
Muhen;4049;7.02
Mühlau;1259;5.52
Mühleberg;3074;26.29
Müllheim;3218;8.77
Mülligen;1110;3.18
Mümliswil-Ramiswil;2381;35.40
Mumpf;1541;3.15
Münchenbuchsee;10'419;11.67
Münchenstein;12'102;7.18
Münchenwiler;559;2.48
Münchwilen (AG);1034;2.48
Münchwilen (TG);5854;7.81
Münsingen;13'045;15.84
Münsterlingen;3522;5.46
Muntelier;956;1.14
Muntogna da Schons;383;53.59
Müntschemier;1609;4.86
Muolen;1253;10.37
Muotathal;3516;172.16
Muralto;2579;0.59
Murgenthal;3064;18.61
Muri (AG);8381;12.32
Muri bei Bern;13'317;7.59
Muriaux;511;16.89
Murten;9414;36.41
Mutrux;151;3.22
Muttenz;17'917;16.61
Muzzano;814;1.52
Naters;10'484;147.36
Nebikon;2766;3.73
Neckertal;6324;81.84
Neerach;3314;6.00
Neftenbach;5761;15.05
Neggio;322;0.89
Nendaz;6943;85.89
Nenzlingen;464;3.68
Nesslau;3733;92.62
Neuchâtel;44'597;30.08
Neuendorf;2372;7.14
Neuenegg;5656;21.90
Neuenhof;8972;5.41
Neuenkirch;7183;25.46
Neuhausen am Rheinfall;10'893;7.99
Neuheim;2340;7.93
Neunforn;1088;11.35
Neunkirch;2506;17.88
Neyruz;2837;5.56
Nidau;7118;1.53
Niederbipp;5185;19.77
Niederbuchsiten;1274;5.47
Niederbüren;1527;15.82
Niederdorf;1791;4.37
Niedergesteln;743;17.69
Niederglatt;5180;3.61
Niedergösgen;4099;4.32
Niederhasli;9497;11.29
Niederhelfenschwil;3201;16.37
Niederhünigen;710;5.40
Niederlenz;4781;3.29
Niedermuhlern;509;7.19
Niederönz;1769;2.81
Niederried bei Interlaken;370;4.26
Niederrohrdorf;4498;3.34
Niederweningen;3082;6.85
Niederwil (AG);3005;6.07
Noble-Contrée;4635;6.50
Nods;804;26.60
Nottwil;4091;10.33
Novaggio;827;4.33
Novalles;99;2.01
Novazzano;2346;5.21
Noville;1169;10.40
Nuglar-St. Pantaleon;1542;6.34
Nunningen;1969;10.25
Nürensdorf;5710;10.09
Nusshof;276;1.73
Nuvilly;487;3.95
Nyon;22'465;6.87
Oberägeri;6415;30.03
Oberbalm;856;12.34
Oberbipp;1826;8.45
Oberbuchsiten;2345;9.36
Oberbüren;4588;17.80
Oberburg;2936;14.12
Oberdiessbach;3572;16.52
Oberdorf (BL);2426;6.29
Oberdorf (NW);3093;16.10
Oberdorf (SO);1844;11.89
Oberegg;1928;14.61
Oberembrach;1092;10.19
Oberems;127;50.19
Oberengstringen;6810;2.13
Oberentfelden;8760;7.21
Obergerlafingen;1246;1.50
Oberglatt;7520;8.26
Obergoms;640;155.93
Obergösgen;2436;3.62
Oberhallau;429;6.03
Oberhof;576;8.15
Oberhofen am Thunersee;2465;2.75
Oberhünigen;320;6.04
Oberiberg;867;33.18
Oberkirch;5068;9.11
Oberkulm;2863;9.43
Oberlangenegg;465;9.13
Oberlunkhofen;2096;3.27
Obermumpf;1076;5.03
Oberried am Brienzersee;474;20.18
Oberrieden;5289;2.76
Oberriet (SG);9180;34.55
Oberrohrdorf;4165;4.32
Oberrüti;1594;5.34
Obersaxen Mundaun;1138;70.31
Obersiggenthal;8782;8.37
Oberthal;727;10.55
Oberuzwil;6536;14.09
Oberweningen;1883;4.91
Oberwil (BL);11'273;7.87
Oberwil bei Büren;926;6.75
Oberwil im Simmental;818;45.91
Oberwil-Lieli;2586;5.36
Obfelden;5787;7.56
Ochlenberg;536;12.10
Oekingen;890;2.39
Oensingen;6607;12.07
Oeschenbach;223;3.88
Oeschgen;1150;4.42
Oetwil am See;4947;6.09
Oetwil an der Limmat;2560;2.77
Oftringen;15'020;12.88
Ogens;324;3.38
Ollon;7968;59.53
Olsberg;361;4.64
Olten;18'339;11.46
Oltingen;524;7.20
Onex;18'773;2.82
Onnens (VD);495;5.13
Onsernone;675;105.27
Opfikon;21'213;5.60
Oppens;203;3.62
Oppligen;640;3.41
Orbe;7613;12.04
Orges;406;4.06
Origlio;1512;2.08
Ormalingen;2330;6.94
Ormont-Dessous;1175;64.10
Ormont-Dessus;1424;61.60
Orny;486;5.51
Oron;6114;26.28
Orpund;3255;3.94
Orselina;701;1.94
Orsières;3237;164.91
Orvin;1236;21.62
Orzens;208;4.21
Ossingen;1710;13.09
Ostermundigen;17'884;5.97
Otelfingen;2946;7.19
Othmarsingen;3096;4.72
Ottenbach;2858;5.01
Oulens-sous-Echallens;606;5.87
Pailly;566;5.76
Paradiso;4624;0.89
Paudex;1550;0.49
Payerne;10'342;24.22
Penthalaz;3209;3.85
Penthaz;1923;3.85
Penthéréaz;431;5.71
Perly-Certoux;3141;2.56
Perrefitte;472;8.61
Perroy;1547;2.87
Personico;308;38.91
Péry-La Heutte;1960;23.75
Petit-Val;410;23.82
Pfäfers;1563;128.41
Pfäffikon;12'379;19.51
Pfaffnau;2714;17.66
Pfeffingen;2400;4.86
Pfungen;4053;4.99
Pfyn;2208;13.07
Pierrafortscha;154;5.07
Pieterlen;5059;8.37
Plaffeien;3619;66.61
Plan-les-Ouates;12'088;5.82
Plasselb;1038;18.16
Plateau de Diesse;2118;25.62
Pleigne;350;17.81
Pohlern;230;9.89
Poliez-Pittet;846;4.97
Pollegio;844;5.98
Pompaples;858;4.44
Pomy;864;5.60
Ponte Capriasca;1922;6.21
Pont-en-Ogoz;1973;10.13
Ponthaux;796;5.93
Pont-la-Ville;630;4.36
Pontresina;2100;118.21
Porrentruy;6441;14.79
Port;3882;2.43
Port-Valais;4397;14.37
Porza;1595;1.54
Poschiavo;3460;190.97
Prangins;4278;6.05
Prato (Leventina);381;16.82
Pratteln;16'458;10.74
Pregny-Chambésy;3992;3.25
Premier;236;6.05
Presinge;737;4.72
Préverenges;5204;1.85
Prévondavaux;101;1.83
Prévonloup;220;1.81
Prez;2454;16.05
Prilly;12'294;2.19
Provence;403;31.88
Puidoux;2992;22.80
Pully;18'984;5.94
Puplinge;2527;2.65
Pura;1364;3.09
Quarten;3000;61.69
Quinto;951;75.28
Radelfingen;1260;14.71
Rafz;4672;10.71
Rain;2984;9.44
Ramlinsburg;744;2.26
Ramsen;1540;13.45
Rances;521;9.88
Randa;440;54.44
Raperswilen;435;7.72
Rapperswil (BE);2675;22.55
Rapperswil-Jona;28'252;22.15
Raron;1955;30.27
Rebévelier;40;3.55
Realp;153;77.81
Rebstein;4906;4.35
Recherswil;2146;3.34
Rechthalten;1135;7.29
Reconvilier;2425;8.24
Regensberg;464;2.39
Regensdorf;18'739;14.60
Rehetobel;1726;6.71
Reichenbach im Kandertal;3698;125.78
Reichenburg;4063;11.54
Reiden;7415;27.00
Reigoldswil;1560;9.18
Reinach (AG);9216;9.55
Reinach (BL);19'667;6.93
Reisiswil;171;1.97
Reitnau;1583;7.98
Remaufens;1288;5.90
Remetschwil;2070;3.85
Remigen;1359;7.89
Renan (BE);977;12.64
Renens (VD);21'086;2.95
Rennaz;925;2.18
Reute (AR);697;4.95
Reutigen;1351;13.75
Rhäzüns;1612;13.28
Rheinau;1285;8.93
Rheineck;3481;2.22
Rheinfelden;13'624;16.05
Rheinwald;564;136.82
Riaz;2874;7.78
Richterswil;13'987;7.53
Rickenbach (BL);581;2.92
Rickenbach (LU);3564;11.78
Rickenbach (SO);1135;2.76
Rickenbach (TG);2999;1.59
Rickenbach (ZH);2770;6.05
Riddes;3535;23.89
Ried bei Kerzers;1223;7.54
Ried-Brig;2183;47.61
Riederalp;427;19.04
Riedholz;2288;7.17
Riehen;21'946;10.89
Riemenstalden;84;11.21
Rifferswil;1149;6.58
Riggisberg;3086;34.50
Ringgenberg (BE);2549;8.74
Riniken;1527;4.76
Risch;11'253;14.82
Riva San Vitale;2663;6.08
Rivaz;332;0.31
Riviera;4188;86.57
Roche (VD);1938;6.42
Rochefort;1313;25.79
Roches (BE);190;9.03
Rodersdorf;1382;5.32
Roggenburg;264;6.68
Roggliswil;768;6.22
Roggwil (BE);4250;7.84
Roggwil (TG);3358;11.93
Rohrbach;1572;4.08
Rohrbachgraben;384;6.46
Rolle;6322;2.72
Romainmôtier-Envy;559;6.99
Romanel-sur-Lausanne;3788;2.92
Romanel-sur-Morges;460;1.71
Romanshorn;11'556;8.69
Römerswil;1770;16.68
Romont (BE);222;6.94
Romont (FR);5593;10.88
Romoos;638;37.35
Ronco sopra Ascona;538;4.99
Rongellen;59;2.04
Root;5498;8.65
Ropraz;527;4.77
Rorbas;2908;4.50
Rorschach;9777;1.77
Rorschacherberg;7620;7.12
Röschenz;1878;10.02
Rossa;158;58.93
Rossemaison;733;1.93
Rossenges;92;1.06
Rossinière;532;23.35
Röthenbach im Emmental;1164;36.80
Rothenbrunnen;301;3.10
Rothenburg;7859;15.49
Rothenfluh;780;10.91
Rothenthurm;2519;22.76
Rothrist;9565;11.82
Rottenschwil;913;4.46
Rougemont;829;48.54
Roveredo (GR);2625;38.77
Rovray;194;3.23
Rubigen;2910;6.94
Rüderswil;2425;17.19
Rüdlingen;809;5.53
Rudolfstetten-Friedlisberg;4618;4.88
Rüdtligen-Alchenflüh;2459;2.71
Rue;1588;11.27
Rüeggisberg;1787;35.75
Rüegsau;3255;15.03
Rueyres;303;1.99
Rüfenach;856;4.18
Rumendingen;78;2.48
Rumisberg;510;5.13
Rümlang;8186;12.42
Rümlingen;439;2.28
Rünenberg;777;4.96
Rupperswil;5912;6.16
Rüschegg;1706;57.30
Rüschlikon;6218;2.93
Russikon;4511;14.27
Russin;536;4.93
Ruswil;7305;45.30
Rüthi (SG);2472;9.32
Rüti (ZH);12'701;10.09
Rüti bei Büren;855;6.50
Rüti bei Lyssach;160;1.33
Rütschelen;571;4.01
Rüttenen;1506;8.79
Saanen;6929;120.07
Saas-Almagell;360;110.52
Saas-Balen;368;30.29
Saas-Fee;1561;40.33
Saas-Grund;1005;24.79
Sachseln;5211;53.86
Safenwil;4412;6.03
Safiental;952;151.42
Safnern;2001;5.64
Sagogn;755;6.95
Saicourt;623;13.80
Saignelégier;2575;31.76
Saillon;2995;13.68
Saint-Aubin (FR);1929;7.91
Saint-Barthélemy (VD);806;4.14
Saint-Blaise;3284;8.87
Saint-Brais;228;15.14
Saint-Cergue;2788;24.26
Sainte-Croix;4876;39.36
Saint-George;1066;12.32
Saint-Gingolph;988;14.46
Saint-Imier;5080;20.80
Saint-Léonard;2548;3.88
Saint-Livres;696;8.11
Saint-Martin (FR);1021;9.76
Saint-Martin (VS);832;36.94
Saint-Maurice;4540;14.89
Saint-Oyens;455;3.04
Saint-Prex;5871;5.49
Saint-Saphorin (Lavaux);401;0.89
Saint-Sulpice (VD);5046;1.82
Salenstein;1440;6.49
Sâles;1448;18.81
Salgesch;1659;11.40
Salmsach;1576;2.64
Salvan;1469;53.40
Samedan;2905;113.96
Samnaun;791;56.15
San Vittore;875;22.03
Santa Maria in Calanca;121;9.32
Sant’Antonino;2584;6.56
Sargans;6443;9.46
Sarmenstorf;3066;8.27
Sarnen;10'654;73.15
Satigny;4449;18.91
Sattel;2021;17.35
Saubraz;448;3.69
Sauge;826;13.46
Saulcy;270;7.92
Saules (BE);152;4.26
Savièse;8097;70.99
Savigny;3418;16.10
Savosa;2207;0.75
Saxeten;88;19.42
Saxon;6690;23.22
Schaffhausen;37'713;41.94
Schafisheim;3037;6.34
S-chanf;705;138.02
Schangnau;915;36.52
Schänis;4021;39.88
Scharans;822;14.29
Schattdorf;5453;16.29
Schattenhalb;570;31.55
Schelten;32;5.54
Schenkon;3076;6.77
Scheuren;536;2.10
Schiers;2861;61.72
Schinznach;2407;12.23
Schlatt (TG);1859;15.51
Schlatt (ZH);759;9.04
Schlatt-Haslen;1108;17.89
Schleinikon;863;5.66
Schleitheim;1738;21.53
Schlierbach;986;7.22
Schlieren;20'350;6.54
Schlossrued;840;7.27
Schluein;597;4.81
Schmerikon;4110;4.09
Schmiedrued;1159;8.60
Schmitten (FR);4262;13.50
Schmitten (GR);212;11.32
Schneisingen;1526;8.30
Schnottwil;1131;7.16
Schöfflisdorf;1361;3.95
Schöftland;4520;6.21
Schönenbuch;1481;1.33
Schönengrund;545;5.20
Schönenwerd;5100;3.74
Schongau;1068;12.43
Schönholzerswilen;882;10.96
Schötz;4786;15.32
Schübelbach;9595;29.04
Schupfart;859;7.03
Schüpfen;3763;19.87
Schüpfheim;4269;38.41
Schwaderloch;703;2.79
Schwadernau;693;4.09
Schwanden bei Brienz;649;7.03
Schwarzenberg;1796;39.26
Schwarzenburg;6767;44.82
Schwarzhäusern;533;3.77
Schwellbrunn;1561;17.40
Schwende-Rüte;6050;98.33
Schwerzenbach;5133;2.64
Schwyz;15'685;53.09
Scuol;4601;438.76
Seeberg;1599;16.85
Seedorf (BE);3183;20.88
Seedorf (UR);2051;19.28
Seegräben;1422;3.78
Seehof;71;8.41
Seelisberg;715;13.18
Seengen;4333;9.62
Seewen;1065;16.39
Seewis im Prättigau;1426;49.60
Seftigen;2161;3.92
Seltisberg;1301;3.54
Selzach;3625;19.46
Sembrancher;1050;17.72
Sempach;4131;8.94
Semsales;1551;29.39
Senarclens;495;3.95
Sennwald;6101;41.55
Seon;5433;9.64
Sergey;140;1.48
Serravalle;2053;96.77
Servion;2138;6.27
Seuzach;7692;7.60
Sévaz;319;2.48
Sevelen;5279;30.30
Siblingen;888;9.37
Sierre;17'295;19.15
Siglistorf;713;5.55
Signau;2652;22.15
Signy-Avenex;586;1.93
Sigriswil;4878;55.34
Silenen;2041;144.75
Sils im Domleschg;979;9.30
Sils im Engadin/Segl;697;63.55
Silvaplana;1083;44.74
Simplon;290;91.11
Sins;4352;20.27
Sion;35'650;34.76
Sirnach;7963;12.39
Siselen;629;5.52
Sisikon;382;16.44
Sissach;6812;8.93
Sisseln;1684;2.58
Siviriez;2528;20.28
Soazza;332;46.37
Solothurn;16'633;6.25
Sommeri;654;4.21
Sonceboz-Sombeval;1921;14.95
Sonvilier;1210;23.80
Soral;963;2.93
Sorengo;2070;0.85
Sorens;1105;8.73
Sorvilier;284;6.89
Soubey;118;13.50
Soyhières;417;7.53
Speicher;4430;8.20
Spiez;12'906;16.73
Spiringen;858;64.76
Spreitenbach;12'322;8.62
St. Gallen;76'931;39.33
St. Margrethen;6249;6.85
St. Moritz;4924;28.69
St. Niklaus;2242;89.30
St. Silvester;1017;7.02
St. Stephan;1319;60.86
St. Ursen;1431;15.68
Stabio;4461;6.16
Stadel;2349;12.88
Stäfa;14'889;8.61
Staffelbach;1342;8.96
Stalden (VS);1103;10.60
Staldenried;566;14.23
Stallikon;3854;12.02
Stammheim;2879;23.93
Stans;8119;11.08
Stansstad;4850;9.10
Starrkirch-Wil;1871;1.84
Staufen;4174;3.53
Steckborn;3997;8.77
Steffisburg;16'071;14.81
Steg-Hohtenn;1711;14.03
Stein (AG);3405;2.81
Stein (AR);1437;9.33
Stein am Rhein;3571;5.82
Steinach;3583;4.50
Steinen;3696;11.83
Steinerberg;951;6.96
Steinhausen;10'308;5.04
Steinmaur;3613;9.47
Stetten (AG);2420;4.45
Stetten (SH);1467;4.71
Stettfurt;1237;6.31
Stettlen;3380;3.49
Stocken-Höfen;1021;14.24
Strengelbach;4948;6.05
Studen (BE);3463;2.76
Stüsslingen;1263;8.39
Subingen;3211;6.24
Suchy;671;6.69
Sufers;145;34.56
Suhr;10'968;10.61
Sulgen;4056;9.06
Sullens;1168;3.90
Sumiswald;5038;59.38
Sumvitg;1082;101.84
Surpierre;1208;14.80
Sursee;10'519;5.85
Surses;2377;323.75
Suscévaz;219;4.15
Sutz-Lattrigen;1420;3.56
Syens;163;2.53
Tafers;7805;41.35
Tägerig;1527;3.28
Tägerwilen;5147;11.57
Tamins;1205;40.71
Tannay;1721;1.78
Tartegnin;249;1.09
Täsch;1333;58.72
Täuffelen;3071;4.34
Tavannes;3430;14.80
Tecknau;818;2.38
Tegerfelden;1282;7.07
Tenero-Contra;3244;3.70
Tenniken;907;4.69
Tentlingen;1336;3.66
Termen;1152;18.65
Terre di Pedemonte;2694;11.55
Teufen (AR);6438;15.29
Teufenthal (AG);1738;3.55
Teuffenthal (BE);158;4.57
Tévenon;867;14.31
Thal;6914;9.64
Thalheim (AG);912;9.89
Thalheim an der Thur;977;6.45
Thalwil;18'392;5.51
Thayngen;5690;19.96
Therwil;9934;7.66
Thierachern;2539;7.53
Thônex;16'115;3.84
Thörigen;1196;4.56
Thun;43'670;21.56
Thundorf;1598;15.60
Thunstetten;3459;9.68
Thurnen;2013;5.95
Thürnen;1425;2.29
Thusis;3415;16.77
Titterten;413;3.68
Tobel-Tägerschen;1616;7.11
Toffen;2611;4.86
Tolochenaz;1890;1.58
Törbel;497;17.57
Torny;1058;10.23
Torricella-Taverne;3080;5.29
Trachselwald;921;15.99
Tramelan;4587;24.79
Trasadingen;639;4.12
Treiten;431;4.71
Trélex;1430;5.85
Tresa;3075;11.04
Trey;300;3.77
Treycovagnes;521;2.07
Treytorrens (Payerne);105;3.11
Treyvaux;1531;11.38
Triengen;4748;22.08
Trient;160;39.60
Trimbach;6644;7.64
Trimmis;3391;42.88
Trin;1488;47.24
Trogen;1845;10.02
Troinex;2600;3.45
Troistorrents;4838;36.92
Trub;1322;62.01
Trubschachen;1497;15.69
Trüllikon;1066;9.56
Trun;1152;51.88
Truttikon;465;4.40
Tschappina;142;24.67
Tschiertschen-Praden;303;27.80
Tschugg;473;3.31
Tübach;1587;1.98
Tuggen;3358;13.54
Tujetsch;1180;133.92
Turbenthal;5049;25.26
Turtmann-Unterems;1160;42.48
Twann-Tüscherz;1193;12.31
Udligenswil;2455;6.24
Ueberstorf;2404;16.12
Uebeschi;720;4.42
Uerkheim;1391;7.11
Uesslingen-Buch;1120;14.01
Uetendorf;5858;10.17
Uetikon am See;6325;3.51
Uezwil;503;2.47
Ufhusen;934;12.19
Uitikon;5105;4.39
Ulmiz;423;2.87
Unterägeri;9243;25.65
Unterbäch;485;22.13
Untereggen;1026;7.07
Unterengstringen;4119;3.36
Unterentfelden;4391;2.88
Unteriberg;2432;46.49
Unterkulm;3519;8.90
Unterlangenegg;1092;6.82
Unterlunkhofen;1552;4.48
Unterramsern;222;1.54
Unterschächen;715;80.22
Unterseen;5745;13.97
Untersiggenthal;7486;8.27
Untervaz;2600;27.69
Urdorf;10'332;7.58
Urmein;166;4.34
Urnäsch;2300;48.13
Ursenbach;866;9.16
Ursins;231;3.38
Ursy;3486;14.84
Urtenen-Schönbühl;6410;7.16
Uster;35'748;28.49
Uttigen;2173;3.78
Uttwil;1918;4.37
Utzenstorf;4476;17.00
Uznach;6850;7.57
Uzwil;13'831;14.50
Vacallo;3346;1.64
Val Mara;2992;11.15
Val Müstair;1425;198.60
Val Terbi;3285;46.73
Valbirse;3918;18.73
Valbroye;3362;33.52
Val de Bagnes;10'693;301.91
Val-de-Charmey;2620;112.09
Val-de-Ruz;17'410;124.38
Val-de-Travers;10'558;124.61
Val-d’Illiez;2146;39.25
Valeyres-sous-Montagny;703;2.25
Valeyres-sous-Rances;606;6.36
Valeyres-sous-Ursins;241;2.85
Vallon;501;3.50
Vallorbe;3958;23.16
Vals;955;175.50
Valsot;826;159.10
Vandoeuvres;2851;4.43
Varen;692;12.77
Vaulion;483;13.18
Vaulruz;1116;10.05
Vaux-sur-Morges;185;2.10
Vaz/Obervaz;2749;42.50
Vechigen;5694;24.87
Veltheim (AG);1517;5.20
Vendlincourt;546;9.15
Vernate;620;1.52
Vernayaz;1812;5.64
Vernier;36'572;7.68
Vérossaz;866;14.35
Versoix;13'337;10.52
Verzasca;804;216.84
Vétroz;6510;10.43
Vevey;19'738;2.37
Vex;1854;13.07
Veyrier;11'901;6.52
Veysonnaz;594;1.17
Veytaux;975;6.78
Vezia;1917;1.38
Vich;1160;1.52
Vico Morcote;415;1.95
Villarsel-sur-Marly;68;1.41
Villars-Epeney;91;0.86
Villars-le-Comte;138;4.18
Villars-le-Terroir;1307;7.14
Villars-Sainte-Croix;982;1.65
Villars-sous-Yens;615;3.07
Villars-sur-Glâne;12'328;5.45
Villarzel;487;7.69
Villaz;2345;15.43
Villeneuve (VD);5968;32.02
Villeret;923;16.26
Villigen;2179;11.21
Villmergen;7869;11.98
Villnachern;1664;5.68
Villorsonnens;1512;15.51
Vilters-Wangs;5015;32.72
Vinelz;888;4.60
Vinzel;379;1.09
Vionnaz;2902;20.95
Visp;8305;13.19
Visperterminen;1310;51.60
Vitznau;1461;8.93
Volken;381;3.28
Volketswil;19'412;14.01
Vordemwald;1978;10.12
Vorderthal;983;27.95
Vouvry;4473;33.47
Vuadens;2541;10.44
Vuarrens;1107;8.95
Vucherens;635;3.27
Vufflens-la-Ville;1337;5.40
Vufflens-le-Château;884;2.15
Vugelles-La Mothe;137;3.09
Vuisternens-devant-Romont;2381;24.03
Vuiteboeuf;592;5.09
Vulliens;633;6.68
Vullierens;561;6.82
Vully-les-Lacs;3528;20.90
Wachseldorn;224;3.54
Wädenswil;25'193;35.64
Wagenhausen;1787;11.82
Wahlen;1542;5.42
Walchwil;3934;13.50
Wald (AR);914;6.84
Wald (BE);1176;13.30
Wald (ZH);10'343;25.28
Waldenburg;1099;8.27
Wäldi;1119;12.19
Waldkirch;3528;31.35
Waldstatt;1849;6.69
Walenstadt;5763;45.68
Walkringen;1795;17.20
Wallbach;2061;4.48
Wallisellen;17'299;6.45
Walliswil bei Niederbipp;226;1.47
Walliswil bei Wangen;615;3.07
Walperswil;1020;7.00
Waltenschwil;3088;4.55
Walterswil (BE);526;7.93
Walterswil (SO);764;4.49
Walzenhausen;1984;7.03
Wangen (SZ);5489;8.43
Wangen an der Aare;2796;8.13
Wangen bei Olten;5452;6.97
Wangen-Brüttisellen;8097;7.90
Wängi;4816;16.45
Wartau;5395;41.75
Warth-Weiningen;1400;8.22
Wassen;416;96.91
Wasterkingen;589;3.94
Wattenwil;3165;14.46
Wattwil;8954;51.18
Wauwil;2558;2.94
Weesen;1845;5.42
Wegenstetten;1007;7.06
Weggis;4570;11.79
Weiach;2077;9.59
Weinfelden;11'893;15.50
Weiningen (ZH);4883;5.41
Weisslingen;3436;12.77
Welschenrohr-Gänsbrunnen;1162;24.46
Wengi;633;7.06
Wenslingen;692;5.88
Werthenstein;2168;15.74
Wettingen;21'094;10.64
Wettswil am Albis;5282;3.75
Wetzikon (ZH);26'018;16.73
Wichtrach;4350;11.61
Widen;3877;2.60
Widnau;10'178;4.22
Wiedlisbach;2550;7.50
Wiesendangen;6710;19.13
Wiggiswil;105;1.46
Wigoltingen;2600;17.18
Wikon;1486;8.29
Wil (SG);24'541;20.82
Wil (ZH);1564;8.97
Wila;2043;9.23
Wilchingen;1738;21.15
Wildberg;1029;10.51
Wilderswil;2697;13.16
Wildhaus-Alt St. Johann;2612;87.48
Wilen (TG);2508;2.25
Wiler (Lötschen);554;14.88
Wiler bei Utzenstorf;1037;3.78
Wileroltigen;380;4.13
Wiliberg;167;1.20
Willadingen;191;2.20
Willisau;9108;47.22
Wimmis;2645;22.34
Windisch;8022;4.91
Winkel;4858;8.09
Wintersingen;616;6.98
Winterthur;116'906;68.12
Winznau;2017;3.97
Wisen (SO);437;4.81
Wittenbach;9914;12.20
Witterswil;1446;2.64
Wittinsburg;428;3.19
Wittnau;1385;11.24
Wohlen;17'133;12.45
Wohlen bei Bern;9348;36.25
Wohlenschwil;1820;4.42
Wolfenschiessen;2105;92.64
Wolfhalden;1880;6.97
Wölflinswil;1029;9.51
Wolfwil;2385;6.88
Wolhusen;4446;14.26
Wollerau;7495;6.37
Worb;11'460;21.06
Worben;2501;2.70
Wünnewil-Flamatt;5641;13.26
Wuppenau;1189;12.07
Würenlingen;5005;9.39
Würenlos;6727;9.00
Wynau;1676;5.12
Wynigen;2071;28.29
Wyssachen;1105;11.73
Yens;1511;9.53
Yverdon-les-Bains;29'827;13.52
Yvonand;3529;13.30
Yvorne;1086;12.18
Zäziwil;1623;5.42
Zeglingen;502;7.91
Zeihen;1220;6.89
Zeiningen;2494;11.35
Zell (LU);2119;13.89
Zell (ZH);6491;12.98
Zeneggen;312;7.56
Zermatt;5746;242.93
Zernez;1532;344.02
Zetzwil;1382;5.77
Ziefen;1632;7.82
Zielebach;331;1.91
Zihlschlacht-Sitterdorf;2534;12.17
Zillis-Reischen;404;24.46
Zizers;3545;10.96
Zofingen;12'453;11.07
Zollikofen;11'140;5.42
Zollikon;13'472;7.85
Zuchwil;9331;4.66
Zufikon;4713;4.81
Zug;31'469;21.72
Zullwil;660;3.65
Zumikon;5633;5.47
Zunzgen;2719;6.86
Zuoz;1228;65.63
Zürich;427'721;87.91
Zurzach;7911;25.99
Zuzgen;892;8.35
Zuzwil (BE);542;3.46
Zuzwil (SG);4997;8.97
Zweisimmen;3083;73.14
Zwingen;2685;4.60
Zwischbergen;73;85.94
